{
  "config": {
    "run_name": "exp1_1",
    "out_dir": "./results",
    "seed": 42,
    "device": null,
    "bs_train": 50,
    "bs_test": 12,
    "batches": 10,
    "epochs": 50,
    "early_stopping": 5,
    "checkpoints": null,
    "lr": 0.001,
    "reg": 0.001,
    "filters_per_layer": [
      64
    ],
    "layers_per_block": 16,
    "pool_every": 4,
    "hidden_dims": [
      100
    ],
    "model_type": "cnn",
    "kw": {}
  },
  "results": {
    "num_epochs": 1,
    "train_loss": [
      2.308497428894043,
      2.3021204471588135,
      2.309584379196167,
      2.2878518104553223,
      2.300680637359619,
      2.3099613189697266,
      2.3022263050079346,
      2.299229621887207,
      2.3128037452697754,
      2.3182129859924316,
      2.2989871501922607,
      2.300074577331543,
      2.3084380626678467,
      2.3086681365966797,
      2.296348810195923,
      2.308422565460205,
      2.29984974861145,
      2.30720591545105,
      2.2845351696014404,
      2.299426317214966,
      2.3036305904388428,
      2.310380697250366,
      2.29780650138855,
      2.2999298572540283,
      2.30078387260437,
      2.3068017959594727,
      2.290466547012329,
      2.2953121662139893,
      2.2960355281829834,
      2.305506467819214,
      2.3130905628204346,
      2.298978090286255,
      2.2936322689056396,
      2.3021764755249023,
      2.3049657344818115,
      2.317690372467041,
      2.3078041076660156,
      2.298415184020996,
      2.313227653503418,
      2.311586856842041,
      2.307371139526367,
      2.294536590576172,
      2.3142271041870117,
      2.304819107055664,
      2.2876241207122803,
      2.300203561782837,
      2.3191866874694824,
      2.315355062484741,
      2.2968382835388184,
      2.3141932487487793,
      2.3091442584991455,
      2.3031373023986816,
      2.2999391555786133,
      2.3229246139526367,
      2.308119535446167,
      2.3017239570617676,
      2.312371015548706,
      2.3011648654937744,
      2.307860851287842,
      2.30098819732666,
      2.312607765197754,
      2.3062870502471924,
      2.297257423400879,
      2.296776533126831,
      2.3009395599365234,
      2.3113296031951904,
      2.305954933166504,
      2.3040103912353516,
      2.294140100479126,
      2.304387092590332
    ],
    "train_acc": [
      10.6,
      11.4,
      12.2,
      10.2,
      9.6,
      6.6,
      9.8
    ],
    "test_loss": [
      2.300506114959717,
      2.305391550064087,
      2.2795979976654053,
      2.280705213546753,
      2.31917142868042,
      2.330564022064209,
      2.34533953666687,
      2.3151535987854004,
      2.2756054401397705,
      2.301841974258423,
      2.299433946609497,
      2.3057098388671875,
      2.277393341064453,
      2.2797043323516846,
      2.3163559436798096,
      2.3230011463165283,
      2.346658945083618,
      2.3113598823547363,
      2.2749226093292236,
      2.302023410797119,
      2.297490358352661,
      2.3056061267852783,
      2.2746520042419434,
      2.2783541679382324,
      2.3149526119232178,
      2.3221542835235596,
      2.347252130508423,
      2.3084421157836914,
      2.2755329608917236,
      2.3024699687957764,
      2.2934486865997314,
      2.305394172668457,
      2.2768383026123047,
      2.27791166305542,
      2.314326286315918,
      2.3224165439605713,
      2.344248056411743,
      2.3088014125823975,
      2.2749485969543457,
      2.303823232650757,
      2.291023015975952,
      2.3049004077911377,
      2.280994176864624,
      2.2793006896972656,
      2.313389301300049,
      2.3245596885681152,
      2.3381693363189697,
      2.3097269535064697,
      2.2758123874664307,
      2.304882049560547,
      2.2928237915039062,
      2.3025577068328857,
      2.28482985496521,
      2.281607151031494,
      2.3120803833007812,
      2.3257787227630615,
      2.3333866596221924,
      2.310905694961548,
      2.2777678966522217,
      2.3054754734039307,
      2.292729616165161,
      2.301952600479126,
      2.2877280712127686,
      2.281740188598633,
      2.3100922107696533,
      2.3243496417999268,
      2.3315484523773193,
      2.311568260192871,
      2.27775502204895,
      2.305255174636841
    ],
    "test_acc": [
      8.333333969116211,
      15.833333969116211,
      15.833333969116211,
      15.833333969116211,
      15.833333969116211,
      15.833333969116211,
      15.833333969116211
    ]
  }
}